Nx, Ny, N, time (sec)
1000, 1000, 1000000, 0.018364
5000, 5000, 25000000, 0.458904
1000, 5000, 5000000, 0.086924
10000, 10000, 100000000, 1.835167
10000, 50000, 500000000, 8.790324
20000, 50000, 1000000000, 18.365405
2000, 500000, 1000000000, 17.236113
10000, 100000, 1000000000, 17.473094
15000, 100000, 1500000000, 26.599310
