Nx, Ny, time (sec)
1000, 1000, 0.018738
5000, 5000, 0.555115
1000, 5000, 0.103005
10000, 10000, 2.318397
10000, 50000, 10.487932
