Nx, Ny, N, time (sec)
1000, 1000, 1000000, 0.007462
5000, 5000, 25000000, 0.137203
10000, 10000, 100000000, 0.555486
20000, 50000, 1000000000, 5.627376
2000, 500000, 1000000000, 4.481965
25000, 25000, 625000000, 4.226861
30000, 30000, 900000000, 6.788741
