Nx, Ny, N, time (sec)
1000, 1000, 1000000, 0.011429
5000, 5000, 25000000, 0.188747
10000, 10000, 100000000, 0.735573
20000, 50000, 1000000000, 6.294257
50000, 50000, 2500000000, 17.402760
2000, 500000, 1000000000, 5.991691
10000, 100000, 1000000000, 6.148860
15000, 100000, 1500000000, 9.000631