Nx, Ny, N, time (sec)
1000, 1000, 1000000, 0.003973
5000, 5000, 25000000, 0.070109
10000, 10000, 100000000, 0.275075
20000, 50000, 1000000000, 2.698592
50000, 50000, 2500000000, 6.726175
2000, 500000, 1000000000, 2.697913
10000, 100000, 1000000000, 2.690974
15000, 100000, 1500000000, 4.036740