Nx, Ny, time (sec)
1000, 1000, 0.000093
5000, 5000, 0.000128
1000, 5000, 0.000120
10000, 10000, 0.000127
10000, 50000, 0.000143
20000, 50000, 0.000110
