Nx, Ny, N, time (sec)
1000, 1000, 1000000, 0.002452
5000, 5000, 25000000, 0.055674
10000, 10000, 100000000, 0.211503
20000, 50000, 1000000000, 2.092512
2000, 500000, 1000000000, 2.042053
25000, 25000, 625000000, 1.277671
30000, 30000, 900000000, 1.745471
